{"exp2-preprocessed-DB_2014-12__Q_2015-05.pickle": [0.8889597013449667, 0.9004377505274519, 0.8908648656516863, 0.9113027925916903, 0.870000468082231, 0.9070127602153607, 0.8674612740660275, 0.8995086489869558, 0.908491325994509, 0.8744562657597176], "exp2-preprocessed-DB_2014-12__Q_2015-08.pickle": [0.7128381289892771, 0.7116055978122684, 0.757522763756729, 0.7621419388888552, 0.7507553461258948, 0.7668112147739777, 0.718537599444993, 0.7052581183127588, 0.7422164753050595, 0.7115766524842295]}