{"exp2-preprocessed-DB_2014-12__Q_2015-05.pickle": [0.867938000505007, 0.8217711126835265, 0.8922559399503434, 0.8772207034281183, 0.8592637249366254, 0.8228123288515439, 0.861872568578832, 0.876188313978934, 0.853749886160253, 0.8524489429851897], "exp2-preprocessed-DB_2014-12__Q_2015-08.pickle": [0.697651995330994, 0.6900820845414533, 0.7151524575925349, 0.6792982769396776, 0.7451942471349108, 0.6738153959119477, 0.7038403011863889, 0.7411340737664458, 0.7437822977928983, 0.734863863419077]}