{"exp2-preprocessed-DB_2014-12__Q_2015-05.pickle": [0.9010986443937097, 0.8733593587711611, 0.9171505169545855, 0.92274377021061, 0.91427881567326, 0.876898136528488, 0.9122438539231938, 0.9176947337257895, 0.9089173170750564, 0.8584636191197621], "exp2-preprocessed-DB_2014-12__Q_2015-08.pickle": [0.7728764775277672, 0.7442778109153181, 0.709511923683991, 0.6948568677025333, 0.7870318116246842, 0.6893310885870911, 0.7221511441099512, 0.7610397133390453, 0.8070403555151806, 0.7555049718162281]}